<?xml version="1.0" encoding="UTF-8"?>
<project-private xmlns="http://www.netbeans.org/ns/project-private/1">
    <editor-bookmarks xmlns="http://www.netbeans.org/ns/editor-bookmarks/2" lastBookmarkId="0"/>
    <open-files xmlns="http://www.netbeans.org/ns/projectui-open-files/2">
        <group>
            <file>file:/C:/xampp/htdocs/Distriandina/view/form/form_register_seller.php</file>
            <file>file:/C:/xampp/htdocs/Distriandina/controller/IndexController.php</file>
            <file>file:/C:/xampp/htdocs/Distriandina/controller/adminController.php</file>
            <file>file:/C:/xampp/htdocs/Distriandina/model/admin.php</file>
        </group>
    </open-files>
</project-private>
